Unnamed: 0,tender_no,name_of_railway,date_of_opening,nature,awarded_to,l1_price,basic,qty,category,Comp_A,Comp_B,Comp_C,Comp_D,Comp_E,Comp_F,Comp_G,Comp_H,Comp_I,Comp_J,Comp_K,Comp_L,predicted_l1_price
0,55051,KHARAGPUR DIVISION-ENGG/SOUTH EASTERN RLY,2023-04-17,Execution,Comp_A,2511.0,2127.7,2031.0,60 Kg,2511.0,0.0,2475.0,0.0,0.0,0.0,0.0,0.0,0.0,0.0,0.0,0.0,2509.2019943700593
1,55051,KHARAGPUR DIVISION-ENGG/SOUTH EASTERN RLY,2023-04-17,Execution,Comp_A,2144.0,1816.6,3063.0,R260,2144.0,0.0,2475.0,0.0,0.0,0.0,0.0,0.0,0.0,0.0,0.0,0.0,2143.0853257052554
2,55052,NAGPUR CR DIVISION-ENGINEERING/CENTRAL RLY,2023-04-24,Execution,Comp_B,5199.0,4405.5,1500.0,60 Kg,6101.0,5199.0,5886.0,0.0,0.0,0.0,0.0,0.0,0.0,0.0,0.0,0.0,5199.911366964826
3,55052,NAGPUR CR DIVISION-ENGINEERING/CENTRAL RLY,2023-04-24,Execution,Comp_B,5118.0,4336.9,1000.0,R260,6006.0,5118.0,5794.0,0.0,0.0,0.0,0.0,0.0,0.0,0.0,0.0,0.0,5118.287296529274
4,55052,NAGPUR CR DIVISION-ENGINEERING/CENTRAL RLY,2023-04-24,Execution,Comp_B,5118.0,4336.9,500.0,52 Kg,6006.0,5118.0,5794.0,0.0,0.0,0.0,0.0,0.0,0.0,0.0,0.0,0.0,5117.704665789821
5,55052,NAGPUR CR DIVISION-ENGINEERING/CENTRAL RLY,2023-04-24,Execution,Comp_B,3859.0,3270.2,200.0,60 Kg,4529.0,3859.0,4369.0,0.0,0.0,0.0,0.0,0.0,0.0,0.0,0.0,0.0,3857.1985051311885
6,55052,NAGPUR CR DIVISION-ENGINEERING/CENTRAL RLY,2023-04-24,Execution,Comp_B,3797.0,3217.7,200.0,R260,4456.0,3797.0,4299.0,0.0,0.0,0.0,0.0,0.0,0.0,0.0,0.0,0.0,3795.1767500585715
7,55052,NAGPUR CR DIVISION-ENGINEERING/CENTRAL RLY,2023-04-24,Execution,Comp_B,3797.0,3217.7,200.0,52 Kg,4456.0,3797.0,4299.0,0.0,0.0,0.0,0.0,0.0,0.0,0.0,0.0,0.0,3795.1767500585715
8,55053,TINSUKIA DIVISION-ENGINEERING/N F RLY,2023-04-26,supply,Comp_C,2181.0,1848.0,302.0,52 Kg,2788.0,0.0,2181.0,2755.2,0.0,0.0,0.0,0.0,0.0,0.0,0.0,0.0,2177.479816760057
9,55053,TINSUKIA DIVISION-ENGINEERING/N F RLY,2023-04-26,supply,Comp_C,2262.0,1917.0,200.0,60 Kg,2892.55,0.0,2262.0,2857.7,0.0,0.0,0.0,0.0,0.0,0.0,0.0,0.0,2258.8862425334028
10,55054,DDU DIVISION-ENGINEERING/EAST CENTRAL RLY,2023-04-27,Supervision,Comp_B,1895.0,1606.0,1551.0,R260,2560.0,1895.0,2395.0,2241.0,0.0,0.0,0.0,0.0,0.0,0.0,0.0,0.0,1893.1629992787834
11,55055,PALAKKAD DIVISION-ENGINEERING/SOUTHERN RLY,2023-02-05,supply,Comp_C,1800.0,1525.7,16.0,52 Kg,2587.0,0.0,1800.0,0.0,0.0,0.0,0.0,4065.0,0.0,0.0,0.0,0.0,1797.9410762796779
12,55055,PALAKKAD DIVISION-ENGINEERING/SOUTHERN RLY,2023-02-05,supply,Comp_C,2033.0,1722.6,3108.0,R260,2921.0,0.0,2033.0,0.0,0.0,0.0,0.0,4590.0,0.0,0.0,0.0,0.0,2034.39194283481
13,55056,NAGPUR CR DIVISION-ENGINEERING/CENTRAL RLY,2023-02-05,Execution,Comp_A,5156.0,4369.1,1500.0,60 Kg,5156.0,5757.0,6101.0,0.0,0.0,0.0,0.0,0.0,0.0,0.0,0.0,0.0,5155.716757002465
14,55056,NAGPUR CR DIVISION-ENGINEERING/CENTRAL RLY,2023-02-05,Execution,Comp_A,5075.0,4301.1,1000.0,R260,5075.0,5667.0,6006.0,0.0,0.0,0.0,0.0,0.0,0.0,0.0,0.0,0.0,5074.819203043931
15,55056,NAGPUR CR DIVISION-ENGINEERING/CENTRAL RLY,2023-02-05,Execution,Comp_A,5075.0,4301.1,500.0,52 Kg,5075.0,5667.0,6006.0,0.0,0.0,0.0,0.0,0.0,0.0,0.0,0.0,0.0,5074.236572304479
16,55056,NAGPUR CR DIVISION-ENGINEERING/CENTRAL RLY,2023-02-05,Execution,Comp_A,3827.0,3243.2,200.0,60 Kg,3827.0,4273.0,4529.0,0.0,0.0,0.0,0.0,0.0,0.0,0.0,0.0,0.0,3824.4155612068125
17,55056,NAGPUR CR DIVISION-ENGINEERING/CENTRAL RLY,2023-02-05,Execution,Comp_A,3766.0,3191.1,200.0,R260,3766.0,4205.0,4456.0,0.0,0.0,0.0,0.0,0.0,0.0,0.0,0.0,0.0,3762.8814030203885
18,55056,NAGPUR CR DIVISION-ENGINEERING/CENTRAL RLY,2023-02-05,Execution,Comp_A,3766.0,3191.1,200.0,52 Kg,3766.0,4205.0,4456.0,0.0,0.0,0.0,0.0,0.0,0.0,0.0,0.0,0.0,3762.8814030203885
19,55057,SAMBALPUR DIVN-ENGG/ECOR,2023-12-05,supply,Comp_C,2253.0,1909.5,1160.0,60 Kg,3371.0,0.0,2253.0,3258.0,0.0,0.0,0.0,0.0,0.0,0.0,0.0,0.0,2251.7851469431653
20,55057,SAMBALPUR DIVN-ENGG/ECOR,2023-12-05,supply,Comp_C,2100.0,1779.7,1765.0,R260,3142.0,0.0,2100.0,3036.0,0.0,0.0,0.0,0.0,0.0,0.0,0.0,0.0,2099.085613099238
21,55058,HOWRAH DIVISION-ENGG/EASTERN RLY,2023-05-18,supply,Comp_B,1772.0,1502.0,2000.0,52 Kg,2390.0,1772.0,1871.0,2029.13,0.0,0.0,0.0,0.0,0.0,0.0,0.0,0.0,1770.6545197616117
22,55058,HOWRAH DIVISION-ENGG/EASTERN RLY,2023-05-18,supply,Comp_B,1878.0,1592.0,2000.0,60 Kg,2533.0,1878.0,1983.0,2150.21,0.0,0.0,0.0,0.0,0.0,0.0,0.0,0.0,1876.991051508848
23,55058,HOWRAH DIVISION-ENGG/EASTERN RLY,2023-05-18,supply,Comp_B,1556.0,1319.0,3256.875,R260,2098.38,1556.0,1642.67,1781.5,0.0,0.0,0.0,0.0,0.0,0.0,0.0,0.0,1555.9002489442355
24,55059,AGRA DIVISION-ENGINEERING/NORTH CENTRAL RLY,2023-05-22,supply,Comp_D,1727.0,1463.0,1000.0,60 Kg,2614.0,2498.47,2437.0,1727.0,0.0,0.0,0.0,0.0,0.0,0.0,0.0,0.0,1723.9577687890799
25,55059,AGRA DIVISION-ENGINEERING/NORTH CENTRAL RLY,2023-05-22,supply,Comp_D,1625.0,1377.0,500.0,52 Kg,2459.0,2350.99,2293.0,1625.0,0.0,0.0,0.0,0.0,0.0,0.0,0.0,0.0,1621.730202847911
26,55059,AGRA DIVISION-ENGINEERING/NORTH CENTRAL RLY,2023-05-22,Execution,Comp_D,3518.0,2981.0,1000.0,60 Kg,5325.0,5089.77,4964.0,3518.0,0.0,0.0,0.0,0.0,0.0,0.0,0.0,0.0,3518.0714375083426
27,55059,AGRA DIVISION-ENGINEERING/NORTH CENTRAL RLY,2023-05-22,Execution,Comp_D,3406.0,2886.0,1500.0,52 Kg,5155.0,4927.52,4805.0,3406.0,0.0,0.0,0.0,0.0,0.0,0.0,0.0,0.0,3406.3734395421225
28,55059,AGRA DIVISION-ENGINEERING/NORTH CENTRAL RLY,2023-05-22,Execution,Comp_D,2582.0,2188.0,30.0,60 Kg,3908.0,3735.48,3643.0,2582.0,0.0,0.0,0.0,0.0,0.0,0.0,0.0,0.0,2579.6986239942485
29,55059,AGRA DIVISION-ENGINEERING/NORTH CENTRAL RLY,2023-05-22,Execution,Comp_D,2445.0,2072.0,30.0,52 Kg,3701.0,3537.42,3450.0,2445.0,0.0,0.0,0.0,0.0,0.0,0.0,0.0,0.0,2442.599307699835
30,55060,RATLAM DIVISION-ENGINEERING/WESTERN RLY,2023-05-24,supply,Comp_C,2728.0,2312.0,800.0,60 Kg,3061.0,0.0,2728.0,0.0,0.0,0.0,0.0,0.0,0.0,0.0,0.0,0.0,2725.923884952702
31,55060,RATLAM DIVISION-ENGINEERING/WESTERN RLY,2023-05-24,supply,Comp_C,2878.0,2439.0,1973.0,R260,3229.27,0.0,2878.0,0.0,0.0,0.0,0.0,0.0,0.0,0.0,0.0,0.0,2877.3240431315817
32,55060,RATLAM DIVISION-ENGINEERING/WESTERN RLY,2023-05-24,Execution,Comp_C,4807.0,4074.0,800.0,60 Kg,5394.0,0.0,4807.0,0.0,0.0,0.0,0.0,0.0,0.0,0.0,0.0,0.0,4807.485374641861
33,55060,RATLAM DIVISION-ENGINEERING/WESTERN RLY,2023-05-24,Execution,Comp_C,4973.0,4215.0,1685.0,R260,5580.57,0.0,4973.0,0.0,0.0,0.0,0.0,0.0,0.0,0.0,0.0,0.0,4975.088495426846
34,55061,PRAYAGRAJ DIVISION-ENGG/NORTH CENTRAL RLY,2023-05-24,supply,Comp_D,3005.0,2547.0,2100.0,60 Kg,3093.0,0.0,3252.0,3005.0,0.0,0.0,0.0,0.0,0.0,0.0,0.0,0.0,3004.579941848926
35,55061,PRAYAGRAJ DIVISION-ENGG/NORTH CENTRAL RLY,2023-05-24,supply,Comp_D,1827.0,1548.0,3256.875,R260,2388.57,0.0,1977.09,1827.0,0.0,0.0,0.0,0.0,0.0,0.0,0.0,0.0,1826.6286945385993
36,55062,NAGPUR-SECR-DIVISION-ENGINEERING/SOUTH EAST CENTRAL RLY,2023-05-31,Execution,Comp_A,2888.0,2448.0,3000.0,R260,2888.0,0.0,3483.94,0.0,0.0,0.0,0.0,0.0,0.0,0.0,0.0,0.0,2888.9006936683113
37,55062,NAGPUR-SECR-DIVISION-ENGINEERING/SOUTH EAST CENTRAL RLY,2023-05-31,Execution,Comp_A,2408.0,2040.0,2500.0,60 Kg,2408.0,0.0,2904.17,0.0,0.0,0.0,0.0,0.0,0.0,0.0,0.0,0.0,2406.3662178730683
38,55062,NAGPUR-SECR-DIVISION-ENGINEERING/SOUTH EAST CENTRAL RLY,2023-05-31,Execution,Comp_A,2311.0,1958.0,1200.0,52 Kg,2311.0,0.0,2786.98,0.0,0.0,0.0,0.0,0.0,0.0,0.0,0.0,0.0,2307.9875274924784
39,55063,KHURDA ROAD DIVISION-ENGINEERING/ECOR,2023-06-16,supply,Comp_A,2009.0,1702.2,1200.0,52 Kg,2009.0,2217.28,2400.14,2609.87,0.0,0.0,0.0,0.0,0.0,0.0,0.0,0.0,2005.3702788594426
40,55063,KHURDA ROAD DIVISION-ENGINEERING/ECOR,2023-06-16,supply,Comp_A,2118.0,1794.7,1350.0,R260,2118.0,1875.13,2029.77,2207.143,0.0,0.0,0.0,0.0,0.0,0.0,0.0,0.0,2114.6860834566614
41,55064,KHARAGPUR DIVISION-ENGG/SOUTH EASTERN RLY,2023-06-22,Execution,Comp_E,3050.0,2584.6,415.0,52 Kg,5027.22,0.0,2350.058,3152.402,3050.0,0.0,0.0,0.0,0.0,0.0,0.0,0.0,3051.0136440673864
42,55064,KHARAGPUR DIVISION-ENGG/SOUTH EASTERN RLY,2023-06-22,supply,Comp_E,2068.0,1752.6,1118.0,R260,2247.26,0.0,2349.97,2359.85,2068.0,0.0,0.0,0.0,0.0,0.0,0.0,0.0,2066.5050220476332
43,55065,AHMEDABAD DIVISION-ENGINEERING/WESTERN RLY,2023-06-27,supply,Comp_A,2481.0,2103.0,982.0,60 Kg,2481.0,0.0,2543.0,2659.17,0.0,0.0,0.0,0.0,0.0,0.0,0.0,0.0,2478.6700196441516
44,55065,AHMEDABAD DIVISION-ENGINEERING/WESTERN RLY,2023-06-27,supply,Comp_A,2617.0,2218.0,1455.0,R260,2617.0,0.0,2682.5,2805.035,0.0,0.0,0.0,0.0,0.0,0.0,0.0,0.0,2615.047816562398
45,55065,AHMEDABAD DIVISION-ENGINEERING/WESTERN RLY,2023-06-27,Execution,Comp_A,4372.0,3705.0,1368.0,60 Kg,4372.0,0.0,4480.71,4685.38,0.0,0.0,0.0,0.0,0.0,0.0,0.0,0.0,4371.237185395137
46,55065,AHMEDABAD DIVISION-ENGINEERING/WESTERN RLY,2023-06-27,Execution,Comp_A,4523.0,3833.0,1301.0,R260,4523.0,0.0,4635.69,4847.44,0.0,0.0,0.0,0.0,0.0,0.0,0.0,0.0,4522.339452777435
47,55065,AHMEDABAD DIVISION-ENGINEERING/WESTERN RLY,2023-06-27,Execution,Comp_A,4283.0,3629.0,5.0,52 Kg,4283.0,0.0,4389.32,4589.817,0.0,0.0,0.0,0.0,0.0,0.0,0.0,0.0,4279.886702655931
48,55066,TRICHCHIRAPPALLI DIVISION-ENGG/SOUTHERN RLY,2023-04-07,supply,Comp_C,1626.0,1378.3,267.0,60 Kg,1701.07,0.0,1626.0,2037.27,0.0,0.0,0.0,0.0,0.0,0.0,0.0,0.0,1621.9643321425335
49,55066,TRICHCHIRAPPALLI DIVISION-ENGG/SOUTHERN RLY,2023-04-07,supply,Comp_C,1910.0,1618.8,3256.875,52 Kg,1997.91,0.0,1910.0,2392.78,0.0,0.0,0.0,0.0,0.0,0.0,0.0,0.0,1909.5138549823723
50,55066,TRICHCHIRAPPALLI DIVISION-ENGG/SOUTHERN RLY,2023-04-07,supply,Comp_C,1976.0,1674.3,180.0,R260,2066.41,0.0,1976.0,2474.816,0.0,0.0,0.0,0.0,0.0,0.0,0.0,0.0,1971.482252595378
51,55067,TRICHCHIRAPPALLI DIVISION-ENGG/SOUTHERN RLY,2023-04-07,supply,Comp_C,1905.0,1614.2,525.0,52 Kg,1916.39,0.0,1905.0,2392.78,0.0,0.0,0.0,0.0,0.0,0.0,0.0,0.0,1900.793494759646
52,55067,TRICHCHIRAPPALLI DIVISION-ENGG/SOUTHERN RLY,2023-04-07,supply,Comp_C,1970.0,1669.6,3256.875,R260,1982.09,0.0,1970.0,2474.81,0.0,0.0,0.0,0.0,0.0,0.0,0.0,0.0,1969.408489700093
53,55068,TRICHCHIRAPPALLI DIVISION-ENGG/SOUTHERN RLY,2023-04-07,supply,Comp_C,1644.0,1393.0,100.0,60 Kg,1677.72,0.0,1644.0,2037.27,0.0,0.0,0.0,0.0,0.0,0.0,0.0,0.0,1639.077611231242
54,55068,TRICHCHIRAPPALLI DIVISION-ENGG/SOUTHERN RLY,2023-04-07,supply,Comp_C,1930.0,1636.0,1050.0,52 Kg,1970.48,0.0,1930.0,2392.78,0.0,0.0,0.0,0.0,0.0,0.0,0.0,0.0,1927.1931052298967
55,55068,TRICHCHIRAPPALLI DIVISION-ENGG/SOUTHERN RLY,2023-04-07,supply,Comp_C,1996.0,1692.0,800.0,R260,2038.04,0.0,1996.0,2474.81,0.0,0.0,0.0,0.0,0.0,0.0,0.0,0.0,1993.043820177637
56,55069,MUMBAI CENTRAL DIVISION-ENGINEERING/WESTERN RLY,2023-04-07,supply,Comp_C,2665.0,2259.0,533.0,60 Kg,4395.33,0.0,2665.0,2715.68,0.0,0.0,0.0,0.0,0.0,0.0,0.0,0.0,2664.7417601742704
57,55069,MUMBAI CENTRAL DIVISION-ENGINEERING/WESTERN RLY,2023-04-07,supply,Comp_C,2579.0,2186.0,333.0,52 Kg,4253.13,0.0,2579.0,2627.827,0.0,0.0,0.0,0.0,0.0,0.0,0.0,0.0,2578.2127835840893
58,55069,MUMBAI CENTRAL DIVISION-ENGINEERING/WESTERN RLY,2023-04-07,supply,Comp_C,2812.0,2383.0,1244.0,R260,4636.42,0.0,2812.0,2864.64,0.0,0.0,0.0,0.0,0.0,0.0,0.0,0.0,2812.154868949913
59,55069,MUMBAI CENTRAL DIVISION-ENGINEERING/WESTERN RLY,2023-04-07,Execution,Comp_C,4696.0,3980.0,527.0,52 Kg,7744.44,0.0,4696.0,4784.955,0.0,0.0,0.0,0.0,0.0,0.0,0.0,0.0,4699.187708875569
60,55069,MUMBAI CENTRAL DIVISION-ENGINEERING/WESTERN RLY,2023-04-07,Execution,Comp_C,4859.0,4118.0,1229.0,R260,8012.3,0.0,4859.0,4950.456,0.0,0.0,0.0,0.0,0.0,0.0,0.0,0.0,4863.139379431662
61,55070,KHARAGPUR DIVISION-ENGG/SOUTH EASTERN RLY,2023-06-07,Execution,Comp_C,2140.0,1814.0,3256.875,52 Kg,5186.3,0.0,2140.0,2341.242,0.0,0.0,0.0,0.0,0.0,0.0,0.0,0.0,2144.116348208501
62,55071,CHENNAI DIVISION-ENGINEERING/SOUTHERN RLY,2023-07-07,Execution,Comp_C,1962.0,1663.0,1257.0,60 Kg,2066.06,0.0,1962.0,2230.34,0.0,0.0,0.0,0.0,0.0,0.0,0.0,0.0,1959.4232452825395
63,55071,CHENNAI DIVISION-ENGINEERING/SOUTHERN RLY,2023-07-07,Execution,Comp_C,1904.0,1614.0,444.0,52 Kg,2037.83,0.0,1904.0,2230.38,0.0,0.0,0.0,0.0,0.0,0.0,0.0,0.0,1900.639029988541
64,55071,CHENNAI DIVISION-ENGINEERING/SOUTHERN RLY,2023-07-07,Execution,Comp_C,1962.0,1663.0,2451.0,R260,2000.33,0.0,1962.0,2230.219,0.0,0.0,0.0,0.0,0.0,0.0,0.0,0.0,1960.7249010022788
65,55072,DYCE-C-III-BPL-ENGINEERING/WEST CENTRAL RLY,2023-02-08,cutting,Comp_D,406.0,344.0,1200.0,52 Kg,405.5,0.0,389.1,406.0,0.0,0.0,0.0,0.0,0.0,0.0,0.0,0.0,401.36725840937333
66,55072,DYCE-C-III-BPL-ENGINEERING/WEST CENTRAL RLY,2023-02-08,cutting,Comp_D,599.0,508.0,500.0,60 Kg,599.0,0.0,575.0,599.0,0.0,0.0,0.0,0.0,0.0,0.0,0.0,0.0,594.2474866173711
67,55072,DYCE-C-III-BPL-ENGINEERING/WEST CENTRAL RLY,2023-02-08,supply,Comp_D,2685.0,2275.0,200.0,60 Kg,2685.0,0.0,2576.0,2685.0,0.0,0.0,0.0,0.0,0.0,0.0,0.0,0.0,2680.8536447257543
68,55072,DYCE-C-III-BPL-ENGINEERING/WEST CENTRAL RLY,2023-02-08,supply,Comp_D,4848.0,4109.0,200.0,R260,4848.0,0.0,4652.0,4848.0,0.0,0.0,0.0,0.0,0.0,0.0,0.0,0.0,4846.938201987869
69,55072,DYCE-C-III-BPL-ENGINEERING/WEST CENTRAL RLY,2023-02-08,Execution,Comp_D,5502.0,4663.0,150.0,60 Kg,5502.0,0.0,5280.0,5502.0,0.0,0.0,0.0,0.0,0.0,0.0,0.0,0.0,5501.1945268042955
70,55072,DYCE-C-III-BPL-ENGINEERING/WEST CENTRAL RLY,2023-02-08,Execution,Comp_D,6350.75,5381.34,100.0,R260,7906.0,0.0,7586.0,7906.0,0.0,0.0,0.0,0.0,0.0,0.0,0.0,0.0,6352.146216339299
71,55072,DYCE-C-III-BPL-ENGINEERING/WEST CENTRAL RLY,2023-02-08,Execution,Comp_D,4134.0,3504.0,100.0,60 Kg,4134.0,0.0,3967.0,4134.0,0.0,0.0,0.0,0.0,0.0,0.0,0.0,0.0,4132.272932162602
72,55072,DYCE-C-III-BPL-ENGINEERING/WEST CENTRAL RLY,2023-02-08,Execution,Comp_D,6330.0,5365.0,500.0,R260,6330.0,0.0,6074.0,6330.0,0.0,0.0,0.0,0.0,0.0,0.0,0.0,0.0,6330.714188023205
73,55073,MALDA DIVISION-ENGINEERING/EASTERN RLY,2023-09-08,Execution,Comp_A,5784.0,4901.5,870.0,52 Kg,5784.0,0.0,5801.46,5889.81,0.0,0.0,0.0,0.0,0.0,0.0,0.0,0.0,5783.81006934053
74,55073,MALDA DIVISION-ENGINEERING/EASTERN RLY,2023-09-08,Execution,Comp_A,5972.0,5061.2,300.0,60 Kg,5972.0,0.0,5990.0,6082.0,0.0,0.0,0.0,0.0,0.0,0.0,0.0,0.0,5971.765210725886
75,55073,MALDA DIVISION-ENGINEERING/EASTERN RLY,2023-09-08,Execution,Comp_A,4026.0,3412.0,530.0,R260,4026.0,0.0,4039.0,4100.0,0.0,0.0,0.0,0.0,0.0,0.0,0.0,0.0,4024.1792440894847
76,55073,MALDA DIVISION-ENGINEERING/EASTERN RLY,2023-09-08,Execution,Comp_A,6350.75,5381.34,100.0,60/52_CMB,8434.0,0.0,8460.0,8589.0,0.0,0.0,0.0,0.0,0.0,0.0,0.0,0.0,6353.159555639848
77,55073,MALDA DIVISION-ENGINEERING/EASTERN RLY,2023-09-08,Execution,Comp_A,6350.75,5381.34,50.0,60/52_CMB,10335.0,0.0,10366.0,10524.0,0.0,0.0,0.0,0.0,0.0,0.0,0.0,0.0,6356.305091973887
78,55074,RANGIYA DIVISION-ENGINEERING/N F RLY,2023-04-08,supply,Comp_A,1875.0,1589.1,1944.0,60 Kg,1875.0,0.0,2089.55,2359.25,0.0,0.0,0.0,0.0,0.0,0.0,0.0,0.0,1872.868386077268
79,55074,RANGIYA DIVISION-ENGINEERING/N F RLY,2023-04-08,supply,Comp_A,2581.0,2187.5,1794.0,R260,2581.0,0.0,2876.52,3247.8,0.0,0.0,0.0,0.0,0.0,0.0,0.0,0.0,2579.477435999883
80,55074,RANGIYA DIVISION-ENGINEERING/N F RLY,2023-04-08,supply,Comp_A,1808.0,1532.2,1796.0,52 Kg,1808.0,0.0,2014.71,2274.75,0.0,0.0,0.0,0.0,0.0,0.0,0.0,0.0,1805.4902205062997
81,55075,KATIHAR DIVISION-ENGINEERING/N F RLY,2023-09-08,Execution,Comp_C,2218.21,1880.0,1500.0,52 Kg,5166.34,0.0,2218.21,2777.5,0.0,0.0,0.0,3417.36,0.0,0.0,0.0,0.0,2220.758183580881
82,55075,KATIHAR DIVISION-ENGINEERING/N F RLY,2023-09-08,Execution,Comp_C,1895.0,1606.0,400.0,R260,4414.04,0.0,1895.0,2373.05,0.0,0.0,0.0,2919.74,0.0,0.0,0.0,0.0,1895.1475039928946
83,55076,NAGPUR-SECR-DIVISION-ENGINEERING/SOUTH EAST CENTRAL RLY,2023-10-08,Supervision,Comp_A,3728.0,3159.0,3000.0,R260,3728.0,0.0,4700.19,0.0,0.0,0.0,0.0,0.0,0.0,0.0,0.0,0.0,3728.8568581543886
84,55076,NAGPUR-SECR-DIVISION-ENGINEERING/SOUTH EAST CENTRAL RLY,2023-10-08,Supervision,Comp_A,2232.0,1892.0,2500.0,60 Kg,2232.0,0.0,2900.21,0.0,0.0,0.0,0.0,0.0,0.0,0.0,0.0,0.0,2231.617531629173
85,55076,NAGPUR-SECR-DIVISION-ENGINEERING/SOUTH EAST CENTRAL RLY,2023-10-08,Supervision,Comp_A,2249.0,1906.0,1200.0,52 Kg,2249.0,0.0,2800.07,0.0,0.0,0.0,0.0,0.0,0.0,0.0,0.0,0.0,2246.5947020172216
86,55077,BIKANER DIVISION-ENGINEERING/NORTH WESTERN RLY,2023-08-14,Execution,Comp_A,6114.0,5181.0,2794.0,52 Kg,6114.0,0.0,13528.91,0.0,0.0,0.0,0.0,0.0,7492.94,0.0,0.0,0.0,6119.419180002312
87,55078,HOWRAH DIVISION-ENGG/EASTERN RLY,2023-08-21,supply,Comp_A,1883.0,1596.0,2000.0,52 Kg,1883.0,0.0,1979.64,2155.4,0.0,0.0,0.0,0.0,0.0,0.0,0.0,0.0,1881.051099903861
88,55078,HOWRAH DIVISION-ENGG/EASTERN RLY,2023-08-21,supply,Comp_A,1996.0,1691.0,2000.0,60 Kg,1996.0,0.0,2097.77,2284.01,0.0,0.0,0.0,0.0,0.0,0.0,0.0,0.0,1993.2571880914402
89,55078,HOWRAH DIVISION-ENGG/EASTERN RLY,2023-08-21,supply,Comp_A,1653.0,1401.0,3256.875,R260,1653.0,0.0,1738.0,1892.0,0.0,0.0,0.0,0.0,0.0,0.0,0.0,0.0,1652.2008696488294
90,55078,HOWRAH DIVISION-ENGG/EASTERN RLY,2023-08-21,Execution,Comp_A,4480.0,3797.0,200.0,52 Kg,4480.0,0.0,4709.19,5127.28,0.0,0.0,0.0,0.0,0.0,0.0,0.0,0.0,4478.560506571223
91,55079,DANAPUR DIVISION-ENGINEERING/EAST CENTRAL RLY,2023-08-23,Supervision,Comp_A,2800.0,2373.0,200.0,R260,2800.0,0.0,2152.0,3123.0,0.0,0.0,0.0,0.0,0.0,0.0,0.0,0.0,2796.3708595423245
92,55079,DANAPUR DIVISION-ENGINEERING/EAST CENTRAL RLY,2023-08-23,supply,Comp_A,2200.0,1864.0,400.0,R260,2200.0,0.0,1721.0,2655.0,0.0,0.0,0.0,0.0,0.0,0.0,0.0,0.0,2195.4865497137653
93,55079,DANAPUR DIVISION-ENGINEERING/EAST CENTRAL RLY,2023-08-23,supply,Comp_A,2800.0,2373.0,300.0,60 Kg,2800.0,0.0,3395.0,3123.0,0.0,0.0,0.0,0.0,0.0,0.0,0.0,0.0,2796.9665842857353
94,55079,DANAPUR DIVISION-ENGINEERING/EAST CENTRAL RLY,2023-08-23,Supervision,Comp_A,2750.0,2331.0,100.0,52 Kg,2750.0,0.0,3336.0,3096.0,0.0,0.0,0.0,0.0,0.0,0.0,0.0,0.0,2747.1220397226584
95,55079,DANAPUR DIVISION-ENGINEERING/EAST CENTRAL RLY,2023-08-23,Supervision,Comp_A,2400.0,2034.0,300.0,60 Kg,2400.0,0.0,3361.0,2655.0,0.0,0.0,0.0,0.0,0.0,0.0,0.0,0.0,2396.7224116412935
96,55079,DANAPUR DIVISION-ENGINEERING/EAST CENTRAL RLY,2023-08-23,Supervision,Comp_A,2500.0,2119.0,100.0,52 Kg,2500.0,0.0,3018.0,2601.0,0.0,0.0,0.0,0.0,0.0,0.0,0.0,0.0,2496.720670572548
97,55080,PRAYAGRAJ DIVISION-ENGG/NORTH CENTRAL RLY,2023-08-31,supply,Comp_C,1992.0,1688.0,3256.875,52 Kg,2279.42,0.0,1992.0,2279.42,0.0,0.0,0.0,0.0,0.0,0.0,0.0,0.0,1991.5306551042104
98,55081,DDU DIVISION-ENGINEERING/EAST CENTRAL RLY,2023-08-31,Supervision,Comp_D,2434.0,2063.0,2000.0,60 Kg,2483.22,0.0,2504.99,2434.0,0.0,0.0,0.0,0.0,0.0,0.0,0.0,0.0,2432.6950519899538
99,55081,DDU DIVISION-ENGINEERING/EAST CENTRAL RLY,2023-08-31,Supervision,Comp_D,2867.0,2430.0,200.0,52 Kg,2925.13,0.0,2950.77,2867.0,0.0,0.0,0.0,0.0,0.0,0.0,0.0,0.0,2864.0747779778353
100,55081,DDU DIVISION-ENGINEERING/EAST CENTRAL RLY,2023-08-31,Supervision,Comp_D,3122.0,2646.0,1326.0,R260,3185.49,0.0,3213.41,3122.0,0.0,0.0,0.0,0.0,0.0,0.0,0.0,0.0,3120.5128715118626
101,55082,BHOPAL DIVISION-ENGG/WEST CENTRAL RLY,2023-08-31,supply,Comp_C,3714.0,3148.0,480.0,52 Kg,3931.32,0.0,3714.0,3965.39,0.0,0.0,0.0,0.0,0.0,0.0,0.0,0.0,3712.5923396419953
102,55082,BHOPAL DIVISION-ENGG/WEST CENTRAL RLY,2023-08-31,supply,Comp_C,4418.0,3744.0,300.0,R260,4676.82,0.0,4418.0,4717.35,0.0,0.0,0.0,0.0,0.0,0.0,0.0,0.0,4416.36727867831
103,55082,BHOPAL DIVISION-ENGG/WEST CENTRAL RLY,2023-08-31,supply,Comp_C,4624.0,3919.0,780.0,R260_CMB,4894.7,0.0,4624.0,4937.11,0.0,0.0,0.0,0.0,0.0,0.0,0.0,0.0,4623.631922077663
104,55082,BHOPAL DIVISION-ENGG/WEST CENTRAL RLY,2023-08-31,Execution,Comp_C,6149.0,5211.0,320.0,60 Kg,6508.19,0.0,6149.0,6564.59,0.0,0.0,0.0,0.0,0.0,0.0,0.0,0.0,6149.17970681867
105,55082,BHOPAL DIVISION-ENGG/WEST CENTRAL RLY,2023-08-31,Execution,Comp_C,6065.0,5140.0,200.0,R260,6419.79,0.0,6065.0,6475.43,0.0,0.0,0.0,0.0,0.0,0.0,0.0,0.0,6065.1764079822215
106,55082,BHOPAL DIVISION-ENGG/WEST CENTRAL RLY,2023-08-31,Execution,Comp_C,6271.0,5314.0,570.0,R260_CMB,6637.69,0.0,6271.0,6695.21,0.0,0.0,0.0,0.0,0.0,0.0,0.0,0.0,6271.133796956115
107,55083,MALDA  DIVISION-ENGINEERING/EASTERN RLY ,2023-01-09,Supervision,Comp_C,4100.0,3475.0,550.0,R260,4756.0,0.0,4100.0,6596.58,0.0,0.0,0.0,0.0,0.0,0.0,0.0,0.0,4099.344766531072
108,55083,MALDA  DIVISION-ENGINEERING/EASTERN RLY ,2023-01-09,Supervision,Comp_C,6082.0,5154.0,600.0,60 Kg,7054.74,0.0,6082.0,6811.74,0.0,0.0,0.0,0.0,0.0,0.0,0.0,0.0,6083.001102440345
109,55083,MALDA  DIVISION-ENGINEERING/EASTERN RLY ,2023-01-09,Supervision,Comp_C,5889.67,4991.0,1240.0,52 Kg,6832.18,0.0,5889.67,4592.0,0.0,0.0,0.0,0.0,0.0,0.0,0.0,0.0,5891.3183358397655
110,55084,WALTAIR DIVISION-ENGINEERING/ECOR,2023-07-09,supply,Comp_B,2288.32,1939.3,3000.0,R260,2596.22,2288.32,2673.48,2628.16,0.0,0.0,0.0,0.0,0.0,0.0,0.0,0.0,2287.9293099204515
111,55085,WALTAIR DIVISION-ENGINEERING/ECOR,2023-07-09,supply,Comp_B,2278.58,1931.0,500.0,52 Kg,0.0,2278.58,0.0,0.0,0.0,0.0,0.0,0.0,0.0,0.0,0.0,0.0,2270.8272610164363
112,55085,WALTAIR DIVISION-ENGINEERING/ECOR,2023-07-09,supply,Comp_B,2322.42,1968.2,600.0,60 Kg,0.0,2322.42,0.0,0.0,0.0,0.0,0.0,0.0,0.0,0.0,0.0,0.0,2314.800951901268
113,55086,SONPUR DIVISION-ENGINEERING/EAST CENTRAL RLY,2023-09-26,supply,Comp_A,1998.03,1693.2,580.0,52 Kg,1998.03,0.0,2315.06,0.0,0.0,0.0,0.0,0.0,0.0,0.0,0.0,0.0,1994.4300324179744
114,55087,KHURDA ROAD DIVISION-ENGINEERING/ECOR,2023-11-10,Supervision,Comp_B,2290.0,1940.7,3256.875,52 Kg,2120.14,2290.0,2130.37,2641.093,0.0,0.0,0.0,0.0,0.0,0.0,0.0,0.0,2289.019453045462
115,55088,LUMDING DIVISION -ENGINEERING/N F RLY,2023-12-10,supply,Comp_B,2474.36,2096.9,500.0,52 Kg,2419.38,2474.36,2581.58,2749.29,0.0,0.0,0.0,0.0,0.0,0.0,0.0,0.0,2470.5351078582576
116,55088,LUMDING DIVISION -ENGINEERING/N F RLY,2023-12-10,supply,Comp_B,2276.25,1929.0,1000.0,60 Kg,2685.98,2276.25,3095.7,4552.5,0.0,0.0,0.0,0.0,0.0,0.0,0.0,0.0,2273.6169504279464
117,55088,LUMDING DIVISION -ENGINEERING/N F RLY,2023-12-10,supply,Comp_B,2444.34,2071.5,1000.0,R260,2077.7,2444.34,2770.26,4073.92,0.0,0.0,0.0,0.0,0.0,0.0,0.0,0.0,2440.6936305823156
118,55089,JABALPUR DIVISION-ENGG/WEST CENTRAL RLY,2023-10-13,Execution,Comp_B,3779.0,3202.5,450.0,52 Kg,4870.16,3779.0,4161.12,0.0,0.0,0.0,0.0,0.0,0.0,0.0,0.0,0.0,3778.059820274766
119,55089,JABALPUR DIVISION-ENGG/WEST CENTRAL RLY,2023-10-13,Execution,Comp_B,4036.0,3420.3,1300.0,R260,5273.88,4036.0,4445.11,0.0,0.0,0.0,0.0,0.0,0.0,0.0,0.0,0.0,4036.4871495279463
120,55089,JABALPUR DIVISION-ENGG/WEST CENTRAL RLY,2023-10-13,Execution,Comp_B,4091.0,3466.9,350.0,60 Kg,5202.54,4091.0,4506.06,0.0,0.0,0.0,0.0,0.0,0.0,0.0,0.0,0.0,4090.2456619112827
121,55089,JABALPUR DIVISION-ENGG/WEST CENTRAL RLY,2023-10-13,Execution,Comp_B,4173.0,3536.4,127.0,R260_CMB,5379.11,4173.0,4595.977,0.0,0.0,0.0,0.0,0.0,0.0,0.0,0.0,0.0,4172.198797696645
122,55089,JABALPUR DIVISION-ENGG/WEST CENTRAL RLY,2023-10-13,supply,Comp_B,2386.0,2022.0,650.0,52 Kg,3076.17,2386.0,2628.31,0.0,0.0,0.0,0.0,0.0,0.0,0.0,0.0,0.0,2383.4970524329083
123,55089,JABALPUR DIVISION-ENGG/WEST CENTRAL RLY,2023-10-13,supply,Comp_B,2524.0,2139.0,700.0,60 Kg,3253.91,2524.0,2780.17,0.0,0.0,0.0,0.0,0.0,0.0,0.0,0.0,0.0,2521.7941902450084
124,55089,JABALPUR DIVISION-ENGG/WEST CENTRAL RLY,2023-10-13,supply,Comp_B,2940.0,2491.5,3256.875,R260,3790.03,2940.0,3238.24,0.0,0.0,0.0,0.0,0.0,0.0,0.0,0.0,0.0,2941.263564124169
125,55089,JABALPUR DIVISION-ENGG/WEST CENTRAL RLY,2023-10-13,supply,Comp_B,3077.0,2607.6,450.0,R260_CMB,3966.6,3077.0,3389.11,0.0,0.0,0.0,0.0,0.0,0.0,0.0,0.0,0.0,3075.168649745124
126,55090,WALTAIR DIVISION-ENGINEERING/ECOR,2023-10-16,supply,Comp_A,2066.0,1750.8,3256.875,52 Kg,2066.0,0.0,2222.27,2519.87,0.0,0.0,0.0,0.0,0.0,0.0,0.0,0.0,2065.3603769528327
127,55091,SEALDAH DIVISION-ENGINEERING/EASTERN RLY,2023-10-20,Supervision,Comp_A,3230.13,2737.4,900.0,52 Kg,3230.13,5793.69,0.0,3930.155,0.0,0.0,0.0,0.0,0.0,0.0,0.0,0.0,3225.840544704186
128,55091,SEALDAH DIVISION-ENGINEERING/EASTERN RLY,2023-10-20,Supervision,Comp_A,3236.0,2742.4,1500.0,60 Kg,3236.0,5984.85,0.0,4059.82,0.0,0.0,0.0,0.0,0.0,0.0,0.0,0.0,3232.411254959794
129,55091,SEALDAH DIVISION-ENGINEERING/EASTERN RLY,2023-10-20,Supervision,Comp_A,4644.0,3935.6,100.0,60/52_CMB,4644.0,8330.54,0.0,5651.02,0.0,0.0,0.0,0.0,0.0,0.0,0.0,0.0,4639.212678605493
130,55091,SEALDAH DIVISION-ENGINEERING/EASTERN RLY,2023-10-20,Execution,Comp_A,6067.0,5141.5,20.0,60/52_CMB,6067.0,10882.5,0.0,7382.15,0.0,0.0,0.0,0.0,0.0,0.0,0.0,0.0,6062.512811950003
131,55092,DHANBAD DIVISION-ENGINEERING/EAST CENTRAL RLY,2023-11-13,supply,Comp_A,2054.74,1741.3,2400.0,52 Kg,2054.74,2243.33,0.0,0.0,0.0,0.0,0.0,0.0,0.0,0.0,0.0,0.0,2052.173273547994
132,55093,LUCKNOW-NER-DIVISION -ENGINEERING/NORTH EASTERN RLY,2023-11-23,Execution,Comp_C,4415.0,3741.5,1222.0,52 Kg,7852.16,0.0,4415.0,6845.47,0.0,0.0,0.0,0.0,0.0,0.0,0.0,0.0,4418.687875652444
133,55094,CAO-C-NER-ENGG/NORTH EASTERN RLY,2023-11-24,supply,Comp_C,2311.0,1958.5,100.0,52 Kg,3216.41,11933.0,2311.0,2593.9,0.0,0.0,0.0,0.0,0.0,0.0,0.0,0.0,2306.7056377628605
134,55094,CAO-C-NER-ENGG/NORTH EASTERN RLY,2023-11-24,supply,Comp_C,2281.0,1933.1,100.0,60 Kg,3258.43,0.0,2281.0,2627.8,0.0,0.0,0.0,0.0,0.0,0.0,0.0,0.0,2278.2745333368553
135,55094,CAO-C-NER-ENGG/NORTH EASTERN RLY,2023-11-24,supply,Comp_C,2178.0,1845.8,400.0,R260,3070.33,0.0,2178.0,2565.2,0.0,0.0,0.0,0.0,0.0,0.0,0.0,0.0,2175.396234588869
136,55094,CAO-C-NER-ENGG/NORTH EASTERN RLY,2023-11-24,supply,Comp_C,2885.0,2444.9,150.0,R260_CMB,4066.15,0.0,2885.0,3279.2,0.0,0.0,0.0,0.0,0.0,0.0,0.0,0.0,2883.0899265031057
137,55094,CAO-C-NER-ENGG/NORTH EASTERN RLY,2023-11-24,Execution,Comp_C,1716.0,1454.2,750.0,52 Kg,3901.7,0.0,1716.0,1796.3,0.0,0.0,0.0,0.0,0.0,0.0,0.0,0.0,1715.073450588028
138,55095,STORES/SOUTH CENTRAL RLY,2023-11-24,supply,Comp_B,2141.7,1815.0,3256.875,60 Kg,2010.0,2141.7,1886.0,1928.75,0.0,0.0,0.0,0.0,0.0,0.0,0.0,0.0,2140.6260599820544
139,55095,STORES/SOUTH CENTRAL RLY,2023-11-24,supply,Comp_C,2397.76,2032.0,3256.875,R260,2078.0,0.0,2397.76,2087.0,0.0,0.0,0.0,2885.0,0.0,0.0,0.0,0.0,2397.7899447319965
140,55095,STORES/SOUTH CENTRAL RLY,2023-11-24,supply,Comp_C,2087.42,1769.0,3256.875,52 Kg,1920.0,1800.0,2087.42,1812.0,0.0,0.0,0.0,2885.0,0.0,0.0,0.0,0.0,2087.1462866393017
141,55096,NAGPUR-SECR-DIVISION-ENGINEERING/SOUTH EAST CENTRAL RLY,2023-11-24,Execution,Comp_A,3510.0,2974.6,550.0,R260,3510.0,4612.0,4400.3,3510.7,0.0,0.0,0.0,0.0,0.0,0.0,0.0,0.0,3507.366835762503
142,55096,NAGPUR-SECR-DIVISION-ENGINEERING/SOUTH EAST CENTRAL RLY,2023-11-24,Supervision,Comp_A,2158.0,1828.8,344.0,60 Kg,2158.0,2480.0,2800.0,2926.5,0.0,0.0,0.0,0.0,0.0,0.0,0.0,0.0,2153.951681683228
143,55096,NAGPUR-SECR-DIVISION-ENGINEERING/SOUTH EAST CENTRAL RLY,2023-11-24,Supervision,Comp_A,2094.0,1774.6,1078.0,52 Kg,2094.0,2332.0,2600.2,2808.4,0.0,0.0,0.0,0.0,0.0,0.0,0.0,0.0,2090.7612191665016
144,55097,JHANSI DIVISION-ENGG/NORTH CENTRAL RLY,2023-11-30,Execution,Comp_B,4866.0,4123.7,700.0,R260,7031.94,4866.0,5665.6,0.0,0.0,0.0,0.0,0.0,0.0,0.0,0.0,0.0,4867.934553358547
145,55097,JHANSI DIVISION-ENGG/NORTH CENTRAL RLY,2023-11-30,Execution,Comp_B,4786.0,4055.9,250.0,60 Kg,7149.76,4786.0,5760.53,0.0,0.0,0.0,0.0,0.0,0.0,0.0,0.0,0.0,4787.674315144395
146,55097,JHANSI DIVISION-ENGG/NORTH CENTRAL RLY,2023-11-30,Execution,Comp_B,4786.0,4055.9,250.0,52 Kg,7031.94,4786.0,5665.6,0.0,0.0,0.0,0.0,0.0,0.0,0.0,0.0,0.0,4787.476978209151
147,55098,DDU DIVISION -ENGG /EAST CENTRAL RLY,2023-06-12,Supervision,Comp_B,1560.0,1322.4,600.0,60 Kg,1651.03,1560.0,1711.0,0.0,0.0,0.0,0.0,0.0,0.0,0.0,0.0,0.0,1556.3433988170339
148,55098,DDU DIVISION -ENGG /EAST CENTRAL RLY,2023-06-12,Supervision,Comp_B,1838.0,1557.8,200.0,52 Kg,1944.84,1838.0,2015.71,0.0,0.0,0.0,0.0,0.0,0.0,0.0,0.0,0.0,1833.9217852759455
149,55098,DDU DIVISION -ENGG /EAST CENTRAL RLY,2023-06-12,Supervision,Comp_B,2002.0,1696.4,2150.0,52 Kg,2117.95,2002.0,2195.13,0.0,0.0,0.0,0.0,0.0,0.0,0.0,0.0,0.0,1999.902611350587
150,55099,SONPUR DIVISION-ENGINEERING/EAST CENTRAL RLY,2023-06-12,supply,Comp_A,1923.0,1629.7,300.0,52 Kg,1923.0,0.0,1890.91,2490.49,0.0,0.0,0.0,0.0,0.0,0.0,0.0,0.0,1918.8046859757567
151,55099,SONPUR DIVISION-ENGINEERING/EAST CENTRAL RLY,2023-06-12,supply,Comp_A,2094.0,1774.8,1227.0,52 Kg,2094.0,0.0,2059.21,2712.17,0.0,0.0,0.0,0.0,0.0,0.0,0.0,0.0,2091.2564464694515
152,55100,PRAYAGRAJ DIVISION-ENGG/NORTH CENTRAL RLY,2023-06-12,supply,Comp_B,1759.0,1490.7,3256.875,52 Kg,1897.09,1759.0,1986.3,0.0,0.0,0.0,0.0,0.0,0.0,0.0,0.0,0.0,1758.2994015193958
153,55101,STORES/DMRC,2023-07-12,supply,Comp_A,4130.0,3500.0,230.0,HH_1080,4130.0,0.0,0.0,4354.2,0.0,0.0,0.0,0.0,0.0,0.0,0.0,0.0,4126.1590356828965
154,55102,WALTAIR DIVISION-ENGINEERING/ECOR,2023-12-12,supply,Comp_C,1959.2,1660.37,3256.875,52 Kg,5148.92,2158.0,1959.2,2463.91,0.0,0.0,0.0,0.0,0.0,0.0,0.0,0.0,1962.575716409179
155,55103,VARANASI DIVN.-ENGG/NORTH EASTERN RLY,2023-12-20,supply,Comp_D,2800.0,2372.88,640.0,52 Kg,5749.0,5000.0,3800.0,2800.0,0.0,0.0,0.0,0.0,0.0,6289.0,0.0,0.0,2801.031776886619
156,55103,VARANASI DIVN.-ENGG/NORTH EASTERN RLY,2023-12-20,supply,Comp_D,2833.0,2400.85,200.0,60 Kg,5645.0,5000.0,3930.0,2833.0,0.0,0.0,0.0,0.0,0.0,6389.0,0.0,0.0,2833.4082715638106
157,55103,VARANASI DIVN.-ENGG/NORTH EASTERN RLY,2023-12-20,Execution,Comp_D,1800.0,1525.42,840.0,60 Kg,2800.0,1500.0,2016.0,1800.0,0.0,0.0,0.0,0.0,0.0,2800.0,0.0,0.0,1797.6825554142756
158,55104,HUBLI DIVISION-ENGG/SOUTH WESTERN RLY,2023-12-19,supply,Comp_B,1898.0,1608.56,1849.0,60 Kg,2537.97,1898.0,2088.0,0.0,0.0,0.0,0.0,0.0,0.0,0.0,0.0,0.0,1896.5241537193215
159,55104,HUBLI DIVISION-ENGG/SOUTH WESTERN RLY,2023-12-19,supply,Comp_B,1640.0,1389.75,690.0,52 Kg,2192.74,1640.0,1804.0,0.0,0.0,0.0,0.0,0.0,0.0,0.0,0.0,0.0,1636.6257825682678
160,55105,JABALPUR DIVISION-ENGG/WEST CENTRAL RLY,2023-12-22,Execution,Comp_A,3825.0,3241.54,700.0,R260,3825.0,4037.0,4165.9,4146.0,0.0,0.0,0.0,0.0,0.0,0.0,8033.34,0.0,3825.384106861243
161,55105,JABALPUR DIVISION-ENGG/WEST CENTRAL RLY,2023-12-22,Execution,Comp_A,3955.0,3351.55,400.0,R260_CMB,3955.0,4174.0,4307.2,4286.0,0.0,0.0,0.0,0.0,0.0,0.0,8305.98,0.0,3955.045829161563
162,55105,JABALPUR DIVISION-ENGG/WEST CENTRAL RLY,2023-12-22,Execution,Comp_A,3877.0,3285.98,450.0,60 Kg,3877.0,4092.0,4223.0,4202.0,0.0,0.0,0.0,0.0,0.0,0.0,8143.49,0.0,3877.61196989747
163,55105,JABALPUR DIVISION-ENGG/WEST CENTRAL RLY,2023-12-22,supply,Comp_A,2787.0,2361.45,3000.0,R260,2787.0,2941.0,3034.8,3020.0,0.0,0.0,0.0,0.0,0.0,0.0,5852.26,0.0,2787.964869597626
164,55105,JABALPUR DIVISION-ENGG/WEST CENTRAL RLY,2023-12-22,supply,Comp_A,2916.0,2471.47,450.0,R260_CMB,2916.0,3078.0,3176.2,3161.0,0.0,0.0,0.0,0.0,0.0,0.0,6124.9,0.0,2915.0151545165168
165,55105,JABALPUR DIVISION-ENGG/WEST CENTRAL RLY,2023-12-22,supply,Comp_A,2392.0,2027.41,600.0,52 Kg,2392.0,2525.0,2605.5,2593.0,0.0,0.0,0.0,0.0,0.0,0.0,5024.42,0.0,2390.3949439930607
166,55106,RAIPUR DIVISION-ENGINEERING/SOUTH EAST CENTRAL RLY,2023-12-27,Supervision,Comp_B,2500.0,2118.64,1500.0,R260,2272.76,2500.0,2500.0,3601.69,0.0,0.0,0.0,0.0,0.0,0.0,0.0,0.0,2497.044546201551
167,55106,RAIPUR DIVISION-ENGINEERING/SOUTH EAST CENTRAL RLY,2023-12-27,Supervision,Comp_B,2525.0,2140.0,1500.0,60 Kg,2252.77,2525.0,2525.2,3602.16,0.0,0.0,0.0,0.0,0.0,0.0,0.0,0.0,2522.2094813831754
168,55107,SONPUR DIVISION-ENGINEERING/EAST CENTRAL RLY,2023-12-28,supply,Comp_B,1887.0,1598.77,504.0,52 Kg,1978.95,1887.0,1900.0,2539.59,0.0,0.0,0.0,0.0,0.0,0.0,0.0,0.0,1882.4162952273523
169,55107,SONPUR DIVISION-ENGINEERING/EAST CENTRAL RLY,2023-12-28,supply,Comp_B,2054.0,1741.08,1822.0,R260,2155.09,2054.0,2069.2,2765.64,0.0,0.0,0.0,0.0,0.0,0.0,0.0,0.0,2052.020422232822
170,55108,FEROZPUR DIVISION-ENGINEERING/NORTHERN RLY,2023-12-28,Execution,Comp_B,6350.75,5381.34,814.0,R260,8370.81,7485.0,7500.29,0.0,0.0,0.0,0.0,0.0,0.0,0.0,0.0,0.0,6353.163093163434
171,55108,FEROZPUR DIVISION-ENGINEERING/NORTHERN RLY,2023-12-28,Execution,Comp_B,6350.75,5381.34,200.0,52 Kg,7977.1,7133.0,7147.53,0.0,0.0,0.0,0.0,0.0,0.0,0.0,0.0,0.0,6351.817990573117
172,55109,SAMBALPUR DIVN-ENGG/ECOR,2023-12-29,supply,Comp_C,1949.0,1651.69,3256.875,R260,2241.67,2423.0,1949.0,2014.0,0.0,0.0,0.0,3533.07,0.0,0.0,0.0,0.0,1949.2908210318337
173,55110,BHUSAWAL/DIV/CENTRAL RLY,2024-01-01,supply,Comp_A,1994.0,1690.0,1060.0,R260_CMB,1994.0,0.0,2004.82,2442.6,0.0,0.0,0.0,0.0,0.0,0.0,0.0,0.0,1990.9339745091684
174,55111,LUMDING DIVISION-ENGINEERING/N F RLY,2024-04-01,supply,Comp_B,2029.0,1719.78,1000.0,60 Kg,2749.39,2029.0,2227.955,0.0,0.0,0.0,0.0,0.0,0.0,0.0,0.0,0.0,2027.00073824695
175,55111,LUMDING DIVISION-ENGINEERING/N F RLY,2024-04-01,supply,Comp_B,2029.0,1719.57,1500.0,52 Kg,2749.06,2029.0,2227.687,0.0,0.0,0.0,0.0,0.0,0.0,0.0,0.0,0.0,2027.335204105561
176,55111,LUMDING DIVISION-ENGINEERING/N F RLY,2024-04-01,supply,Comp_B,1734.0,1469.18,2220.0,R260,2348.76,1734.0,1903.303,0.0,0.0,0.0,0.0,0.0,0.0,0.0,0.0,0.0,1732.3042009198875
177,55112,MYSORE DIVISION-ENGINEERING/SOUTH WESTERN RLY,2024-05-01,supply,Comp_B,1939.0,1643.31,1683.0,R260,2182.43,1939.0,2062.124,0.0,0.0,0.0,0.0,0.0,0.0,0.0,0.0,0.0,1936.804404340135
178,55112,MYSORE DIVISION-ENGINEERING/SOUTH WESTERN RLY,2024-05-01,Execution,Comp_B,1626.0,1377.66,1683.0,R260,1829.63,1626.0,1728.772,0.0,0.0,0.0,0.0,0.0,0.0,0.0,0.0,0.0,1623.0048917801516
179,55113,MYSORE DIVISION-ENGINEERING/SOUTH WESTERN RLY,2024-05-01,supply,Comp_B,2026.0,1717.04,569.0,60 Kg,2223.82,2026.0,2087.962,0.0,0.0,0.0,0.0,0.0,0.0,0.0,0.0,0.0,2022.497147087157
180,55113,MYSORE DIVISION-ENGINEERING/SOUTH WESTERN RLY,2024-05-01,supply,Comp_B,1981.0,1678.65,1776.0,R260,2174.09,1981.0,2041.274,0.0,0.0,0.0,0.0,0.0,0.0,0.0,0.0,0.0,1978.5576205035431
181,55113,MYSORE DIVISION-ENGINEERING/SOUTH WESTERN RLY,2024-05-01,Execution,Comp_B,1791.0,1517.71,190.0,60 Kg,1965.66,1791.0,1845.572,0.0,0.0,0.0,0.0,0.0,0.0,0.0,0.0,0.0,1786.6085677192423
182,55113,MYSORE DIVISION-ENGINEERING/SOUTH WESTERN RLY,2024-05-01,Execution,Comp_B,1661.0,1407.29,1776.0,R260,1822.64,1661.0,1711.292,0.0,0.0,0.0,0.0,0.0,0.0,0.0,0.0,0.0,1658.0294433843512
183,55114,MYSORE DIVISION-ENGINEERING/SOUTH WESTERN RLY,2024-05-01,supply,Comp_B,2047.0,1735.12,436.0,60 Kg,2226.8,2047.0,2087.962,0.0,0.0,0.0,0.0,0.0,0.0,0.0,0.0,0.0,2043.6617960554483
184,55114,MYSORE DIVISION-ENGINEERING/SOUTH WESTERN RLY,2024-05-01,supply,Comp_B,2002.0,1696.32,1329.0,R260,2177.01,2002.0,2041.274,0.0,0.0,0.0,0.0,0.0,0.0,0.0,0.0,0.0,1998.8728638292584
185,55114,MYSORE DIVISION-ENGINEERING/SOUTH WESTERN RLY,2024-05-01,Execution,Comp_B,1810.0,1533.69,100.0,60 Kg,1968.3,1810.0,1845.572,0.0,0.0,0.0,0.0,0.0,0.0,0.0,0.0,0.0,1805.346992715112
186,55114,MYSORE DIVISION-ENGINEERING/SOUTH WESTERN RLY,2024-05-01,Execution,Comp_B,1678.0,1422.1,1329.0,R260,1825.09,1678.0,1711.292,0.0,0.0,0.0,0.0,0.0,0.0,0.0,0.0,0.0,1674.9723090038829
187,55115,KHURDA ROAD DIVISION-ENGINEERING/ECOR,2024-10-01,supply,Comp_B,1890.0,1601.97,1680.0,R260,2612.32,1890.0,1850.2,2500.25,0.0,0.0,0.0,0.0,0.0,0.0,0.0,0.0,1888.4068251404333
188,55115,KHURDA ROAD DIVISION-ENGINEERING/ECOR,2024-10-01,Execution,Comp_B,2400.0,2033.97,1083.0,R260,4010.08,2400.0,4950.13,5899.74,0.0,0.0,0.0,0.0,0.0,0.0,0.0,0.0,2399.903357766705
189,55116,DYCE-C-I-KOTA-ENGINEERING/WEST CENTRAL RLY,2024-10-01,Execution,Comp_B,4641.0,3933.25,700.0,60 Kg,4761.28,4641.0,5861.79,5529.82,0.0,0.0,0.0,0.0,0.0,0.0,0.0,0.0,4640.024468688076
190,55116,DYCE-C-I-KOTA-ENGINEERING/WEST CENTRAL RLY,2024-10-01,Execution,Comp_B,4679.0,3965.07,3000.0,52 Kg,4799.8,4679.0,5909.21,5574.56,0.0,0.0,0.0,0.0,0.0,0.0,0.0,0.0,4680.2868443353655
191,55116,DYCE-C-I-KOTA-ENGINEERING/WEST CENTRAL RLY,2024-10-01,Execution,Comp_B,3488.0,2955.55,1000.0,60 Kg,3577.77,3488.0,4404.72,4155.27,0.0,0.0,0.0,0.0,0.0,0.0,0.0,0.0,3485.6208932006666
192,55116,DYCE-C-I-KOTA-ENGINEERING/WEST CENTRAL RLY,2024-10-01,Execution,Comp_B,3531.0,2992.03,200.0,52 Kg,3621.92,3531.0,4459.08,4206.55,0.0,0.0,0.0,0.0,0.0,0.0,0.0,0.0,3527.774889801532
193,55116,DYCE-C-I-KOTA-ENGINEERING/WEST CENTRAL RLY,2024-10-01,Execution,Comp_A,3212.0,2722.14,300.0,60 Kg,3212.0,3246.3,4066.42,0.0,0.0,0.0,0.0,0.0,0.0,0.0,0.0,0.0,3209.258873017055
194,55116,DYCE-C-I-KOTA-ENGINEERING/WEST CENTRAL RLY,2024-10-01,Execution,Comp_A,4918.0,4167.94,1000.0,R260,4918.0,4970.5,6226.2,0.0,0.0,0.0,0.0,0.0,0.0,0.0,0.0,0.0,4917.766787283761
195,55117,BHOPAL DIVISION-ENGG/WEST CENTRAL RLY,2024-10-01,Execution,Comp_B,3491.0,2958.69,320.0,60 Kg,3883.28,3491.0,3739.97,3711.77,0.0,0.0,0.0,0.0,0.0,0.0,0.0,0.0,3488.719587654865
196,55117,BHOPAL DIVISION-ENGG/WEST CENTRAL RLY,2024-10-01,Execution,Comp_B,3444.0,2918.5,200.0,R260,3830.53,3444.0,3689.17,3661.35,0.0,0.0,0.0,0.0,0.0,0.0,0.0,0.0,3441.1091618711207
197,55117,BHOPAL DIVISION-ENGG/WEST CENTRAL RLY,2024-10-01,Execution,Comp_B,3561.0,3017.56,570.0,R260_CMB,3960.55,3561.0,3814.39,3785.63,0.0,0.0,0.0,0.0,0.0,0.0,0.0,0.0,3558.545324481851
198,55117,BHOPAL DIVISION-ENGG/WEST CENTRAL RLY,2024-10-01,supply,Comp_B,2109.0,1787.22,480.0,60 Kg,2345.73,2109.0,2259.16,2242.12,0.0,0.0,0.0,0.0,0.0,0.0,0.0,0.0,2105.220598963587
199,55117,BHOPAL DIVISION-ENGG/WEST CENTRAL RLY,2024-10-01,supply,Comp_B,2509.0,2126.13,300.0,R260,2790.55,2509.0,2687.56,2667.3,0.0,0.0,0.0,0.0,0.0,0.0,0.0,0.0,2505.315429902688
200,55117,BHOPAL DIVISION-ENGG/WEST CENTRAL RLY,2024-10-01,supply,Comp_B,2626.0,2225.18,780.0,R260_CMB,2920.55,2626.0,2812.76,2791.55,0.0,0.0,0.0,0.0,0.0,0.0,0.0,0.0,2622.8679471936825
201,55118,ALIPURDUAR DIVISION-ENGINEERING/N F RLY,2024-12-01,supply,Comp_B,1906.0,1615.14,2280.0,52 Kg,2493.59,1906.0,1985.49,0.0,0.0,0.0,0.0,3705.54,0.0,0.0,0.0,0.0,1905.6526553250487
202,55118,ALIPURDUAR DIVISION-ENGINEERING/N F RLY,2024-12-01,supply,Comp_B,1628.0,1379.95,1200.0,R260,2130.48,1628.0,1696.37,0.0,0.0,0.0,0.0,3165.96,0.0,0.0,0.0,0.0,1626.367681664312
203,55119,HUBLI DIVISION-ENGG/SOUTH WESTERN RLY,2024-01-16,supply,Comp_B,1934.0,1638.97,934.0,60 Kg,2360.95,1934.0,2121.02,0.0,0.0,0.0,0.0,0.0,0.0,0.0,0.0,0.0,1931.0811972236659
204,55119,HUBLI DIVISION-ENGG/SOUTH WESTERN RLY,2024-01-16,supply,Comp_B,1671.0,1416.03,1530.0,52 Kg,2039.8,1671.0,1832.51,0.0,0.0,0.0,0.0,0.0,0.0,0.0,0.0,0.0,1668.3899011599904
205,55119,HUBLI DIVISION-ENGG/SOUTH WESTERN RLY,2024-01-16,supply,Comp_B,1891.0,1602.81,122.0,60 Kg,2467.59,1891.0,2121.02,0.0,0.0,0.0,0.0,0.0,0.0,0.0,0.0,0.0,1887.6494891570128
206,55119,HUBLI DIVISION-ENGG/SOUTH WESTERN RLY,2024-01-16,supply,Comp_B,1634.0,1384.79,1200.0,52 Kg,2131.93,1634.0,1832.51,0.0,0.0,0.0,0.0,0.0,0.0,0.0,0.0,0.0,1631.300492178083
207,55119,HUBLI DIVISION-ENGG/SOUTH WESTERN RLY,2024-01-16,supply,Comp_B,1722.0,1458.94,160.0,R260_CMB,2158.18,1722.0,2481.28,0.0,0.0,0.0,0.0,0.0,0.0,0.0,0.0,0.0,1717.7940595339458
208,55120,TRICHCHIRAPPALLI DIVISION-ENGG/SOUTHERN RLY,2024-01-19,supply,Comp_B,1512.0,1281.29,96.0,60 Kg,2286.3,1512.0,1625.08,1809.3,0.0,0.0,0.0,0.0,0.0,0.0,0.0,0.0,1508.0063222593274
209,55120,TRICHCHIRAPPALLI DIVISION-ENGG/SOUTHERN RLY,2024-01-19,supply,Comp_B,1776.0,1504.87,3256.875,52 Kg,2685.26,1776.0,1908.66,2125.03,0.0,0.0,0.0,0.0,0.0,0.0,0.0,0.0,1775.913801653904
210,55120,TRICHCHIRAPPALLI DIVISION-ENGG/SOUTHERN RLY,2024-01-19,supply,Comp_B,1837.0,1556.47,1778.0,R260,2777.32,1837.0,1974.1,2197.88,0.0,0.0,0.0,0.0,0.0,0.0,0.0,0.0,1835.1707708117003
211,55120,TRICHCHIRAPPALLI DIVISION-ENGG/SOUTHERN RLY,2024-01-19,supply,Comp_B,1553.0,1316.14,403.0,60 Kg,2329.39,1553.0,1625.08,1809.3,0.0,0.0,0.0,0.0,0.0,0.0,0.0,0.0,1549.5094712106104
212,55120,TRICHCHIRAPPALLI DIVISION-ENGG/SOUTHERN RLY,2024-01-19,supply,Comp_B,1824.0,1545.81,3256.875,52 Kg,2735.88,1824.0,1908.66,2125.03,0.0,0.0,0.0,0.0,0.0,0.0,0.0,0.0,1824.2493525429288
213,55120,TRICHCHIRAPPALLI DIVISION-ENGG/SOUTHERN RLY,2024-01-19,supply,Comp_B,1887.0,1598.8,423.0,R260,2829.67,1887.0,1974.1,2197.88,0.0,0.0,0.0,0.0,0.0,0.0,0.0,0.0,1883.5684567853737
214,55121,RAIPUR DIVISION-ENGINEERING/SOUTH EAST CENTRAL RLY,2024-01-18,Supervision,Comp_B,2031.0,1721.45,1196.0,R260,2382.64,2031.0,2550.13,3601.69,0.0,0.0,0.0,0.0,0.0,0.0,0.0,0.0,2028.590102903328
215,55121,RAIPUR DIVISION-ENGINEERING/SOUTH EAST CENTRAL RLY,2024-01-18,Supervision,Comp_B,2154.0,1825.33,1375.0,60 Kg,2382.73,2154.0,2550.01,3602.16,0.0,0.0,0.0,0.0,0.0,0.0,0.0,0.0,2151.268613145636
216,55122,CHENNAI DIVISION-ENGINEERING/SOUTHERN RLY,2024-01-31,Execution,Comp_B,4829.0,4092.47,77.0,60 Kg,6036.38,4829.0,6338.2,0.0,0.0,0.0,0.0,0.0,0.0,0.0,0.0,0.0,4829.290896893291
217,55122,CHENNAI DIVISION-ENGINEERING/SOUTHERN RLY,2024-01-31,Execution,Comp_B,5479.0,4643.14,160.0,R260,6848.63,5479.0,7191.06,0.0,0.0,0.0,0.0,0.0,0.0,0.0,0.0,0.0,5480.040139496723
218,55122,CHENNAI DIVISION-ENGINEERING/SOUTHERN RLY,2024-01-31,supply,Comp_B,1733.0,1468.63,282.0,60 Kg,2842.09,1733.0,2772.77,0.0,0.0,0.0,0.0,0.0,0.0,0.0,0.0,0.0,1730.4057781630088
219,55122,CHENNAI DIVISION-ENGINEERING/SOUTHERN RLY,2024-01-31,supply,Comp_B,2035.0,1724.91,44.0,52 Kg,3338.04,2035.0,3256.63,0.0,0.0,0.0,0.0,0.0,0.0,0.0,0.0,0.0,2033.1344556442273
220,55122,CHENNAI DIVISION-ENGINEERING/SOUTHERN RLY,2024-01-31,supply,Comp_B,2105.0,1784.04,655.0,R260,3452.48,2105.0,3368.27,0.0,0.0,0.0,0.0,0.0,0.0,0.0,0.0,0.0,2103.7572297955558
221,55124,LUCKNOW-NER-DIVISION-ENGINEERING/NORTH EASTERN RLY,2024-01-02,Execution,Comp_L,4631.0,3924.37,822.0,52 Kg,6241.46,4872.37,5949.33,0.0,0.0,0.0,0.0,0.0,0.0,0.0,0.0,4631.0,4630.999999999989
222,55124,LUCKNOW-NER-DIVISION-ENGINEERING/NORTH EASTERN RLY,2024-01-02,Supervision,Comp_L,3540.0,2999.72,400.0,52 Kg,4770.85,3724.34,4548.01,0.0,0.0,0.0,0.0,0.0,0.0,0.0,0.0,3540.0,3538.1008211490575
223,55125,BCT DIVISION-STORES/WESTERN RLY,2024-05-02,supply,Comp_D,2030.0,1720.0,500.0,R260,2112.44,2100.4,2041.4,2030.0,0.0,0.0,0.0,0.0,0.0,0.0,0.0,0.0,2025.597177213508
224,55125,BCT DIVISION-STORES/WESTERN RLY,2024-05-02,supply,Comp_D,2030.0,1720.0,500.0,R260,2112.44,2065.0,2041.4,2030.0,0.0,0.0,0.0,0.0,0.0,0.0,0.0,0.0,2025.601551403104
225,55126,LUCKNOW-NER-DIVISION-ENGINEERING/NORTH EASTERN RLY,2024-06-02,supply,Comp_C,1770.0,1500.15,2000.0,60 Kg,1882.79,1919.48,1770.0,0.0,0.0,0.0,0.0,0.0,0.0,0.0,0.0,0.0,1767.8545978100603
226,55126,LUCKNOW-NER-DIVISION-ENGINEERING/NORTH EASTERN RLY,2024-06-02,supply,Comp_C,1680.0,1423.85,1500.0,52 Kg,1987.06,1876.55,1680.0,0.0,0.0,0.0,0.0,0.0,0.0,0.0,0.0,0.0,1677.4193720289752
227,55126,LUCKNOW-NER-DIVISION-ENGINEERING/NORTH EASTERN RLY,2024-06-02,supply,Comp_C,1770.0,1500.01,2698.0,R260,1976.64,1834.85,1770.0,0.0,0.0,0.0,0.0,0.0,0.0,0.0,0.0,0.0,1768.6413712560275
228,55127,BRC-DIV/WESTERN RLY,2024-12-02,supply,Comp_C,1786.0,1786.0,739.0,R260,2000.0,1850.0,1786.0,1850.0,0.0,0.0,0.0,0.0,0.0,0.0,0.0,0.0,2103.4870450443896
229,55128,RATLAM-DIV/WESTERN RLY,2024-02-19,supply,Comp_C,1816.0,1539.0,1500.0,52 Kg,2006.236,1982.4,1816.0,2336.4,0.0,0.0,0.0,0.0,0.0,0.0,0.0,0.0,1813.1081168416679
230,55129,MUMBAI CENTRAL DIVISION-ENGINEERING/WESTERN RLY,2024-02-20,supply,Comp_A,2029.0,1719.55,1108.0,60 Kg,2029.0,2134.8736,2131.73,2546.15072,0.0,0.0,0.0,0.0,0.0,0.0,0.0,0.0,2025.658579673002
231,55129,MUMBAI CENTRAL DIVISION-ENGINEERING/WESTERN RLY,2024-02-20,supply,Comp_A,1963.0,1663.92,667.0,52 Kg,1963.0,2065.806,2062.77,2463.77745,0.0,0.0,0.0,0.0,0.0,0.0,0.0,0.0,1959.44848020756
232,55129,MUMBAI CENTRAL DIVISION-ENGINEERING/WESTERN RLY,2024-02-20,supply,Comp_A,2140.0,1813.87,3256.875,R260,2140.0,2251.9764,2248.66,2685.81303,0.0,0.0,0.0,0.0,0.0,0.0,0.0,0.0,2139.5485079294117
233,55129,MUMBAI CENTRAL DIVISION-ENGINEERING/WESTERN RLY,2024-02-20,Execution,Comp_A,3575.0,3029.8,1203.0,60 Kg,3575.0,3761.5832,3756.05,4486.24114,0.0,0.0,0.0,0.0,0.0,0.0,0.0,0.0,3573.0967868588623
234,55129,MUMBAI CENTRAL DIVISION-ENGINEERING/WESTERN RLY,2024-02-20,Execution,Comp_A,3699.0,3134.59,2806.0,R260,3699.0,3891.6876,3885.96,4641.40977,0.0,0.0,0.0,0.0,0.0,0.0,0.0,0.0,3698.7159578765095
235,55130,JABALPUR DIVISION-ENGG/WEST CENTRAL RLY,2024-02-20,Execution,Comp_A,3043.0,2578.93,450.0,52 Kg,3043.0,3652.62,3108.308,0.0,0.0,0.0,0.0,0.0,0.0,0.0,0.0,0.0,3039.924373572937
236,55130,JABALPUR DIVISION-ENGG/WEST CENTRAL RLY,2024-02-20,Execution,Comp_A,3251.0,2754.94,1300.0,R260,3251.0,3901.908,3320.4472,3129.794,0.0,0.0,0.0,0.0,0.0,0.0,0.0,0.0,3248.5819091317762
237,55130,JABALPUR DIVISION-ENGG/WEST CENTRAL RLY,2024-02-20,Execution,Comp_A,3361.0,2848.44,127.0,R260_CMB,3361.0,4034.3346,3433.13964,3343.3996,0.0,0.0,0.0,0.0,0.0,0.0,0.0,0.0,3357.6244721179924
238,55130,JABALPUR DIVISION-ENGG/WEST CENTRAL RLY,2024-02-20,Execution,Comp_A,3295.0,2792.71,350.0,60 Kg,3295.0,3955.407,3365.9738,3456.87102,0.0,0.0,0.0,0.0,0.0,0.0,0.0,0.0,3292.05950547928
239,55130,JABALPUR DIVISION-ENGG/WEST CENTRAL RLY,2024-02-20,supply,Comp_A,1922.0,1628.94,650.0,52 Kg,1922.0,2307.1278,1963.32052,3389.2409,0.0,0.0,0.0,0.0,0.0,0.0,0.0,0.0,1918.0000563085641
240,55130,JABALPUR DIVISION-ENGG/WEST CENTRAL RLY,2024-02-20,supply,Comp_A,2368.0,2006.96,3256.875,R260,2368.0,2842.5258,2418.93372,1976.89186,0.0,0.0,0.0,0.0,0.0,0.0,0.0,0.0,2367.5705886456058
241,55130,JABALPUR DIVISION-ENGG/WEST CENTRAL RLY,2024-02-20,supply,Comp_A,2479.0,2100.46,450.0,R260_CMB,2479.0,2974.9524,2531.62616,2435.65446,0.0,0.0,0.0,0.0,0.0,0.0,0.0,0.0,2474.694850901256
242,55130,JABALPUR DIVISION-ENGG/WEST CENTRAL RLY,2024-02-20,supply,Comp_A,2033.0,1723.06,700.0,60 Kg,2033.0,2440.4316,2076.75944,2549.12588,0.0,0.0,0.0,0.0,0.0,0.0,0.0,0.0,2029.2681172250273
243,55131,WALTAIR DIVISION-ENGG/EAST COAST RLY,2024-02-27,Supervision,Comp_B,1994.0,1690.0,1200.0,60 Kg,2275.0,1994.0,2139.0,2286.0,0.0,0.0,0.0,0.0,0.0,0.0,0.0,0.0,1991.295890883454
244,55131,WALTAIR DIVISION-ENGG/EAST COAST RLY,2024-02-27,supply,Comp_B,2037.0,1726.0,1200.0,R260,1875.0,2037.0,2137.0,2308.0,0.0,0.0,0.0,0.0,0.0,0.0,0.0,0.0,2033.1903380106212
245,55132,MUMBAI DIV/WESTERN RLY,2024-02-28,supply,Comp_B,1918.0,1625.0,1200.0,R260,1870.0,1918.0,1659.0,1890.0,0.0,0.0,0.0,0.0,0.0,0.0,0.0,0.0,1913.9515696166059
246,55133,KHURDA ROAD DIVISION-ENGINEERING/ECOR,2024-02-28,Supervision,Comp_B,2372.0,2010.0,800.0,60 Kg,2214.0,2372.0,0.0,2172.0,0.0,0.0,0.0,0.0,0.0,0.0,0.0,0.0,2367.195101590201
247,55134,KHURDA ROAD DIVISION-ENGINEERING/ECOR,2024-02-28,Supervision,Comp_B,2211.0,1874.0,2500.0,R260,2064.0,2211.0,0.0,2024.0,0.0,0.0,0.0,0.0,0.0,0.0,0.0,0.0,2208.642994029128
